class,time1,time2
treeless,0.015,0.0153468943
–40,0.299,0.4100072648
41–80,0.541,0.3983835815
81–120,0.12,0.1366690883
120+,0.025,0.03968398111